{
    "48000": {
        "a": [
            1.0,
            -1.97223372919527,
            0.97261396931306
        ],
        "b": [
            0.98621192462708,
            -1.97242384925416,
            0.98621192462708
        ]
    },
    "44100": {
        "a": [
            1.0,
            -1.96977855582618,
            0.97022847566350
        ],
        "b": [
            0.98500175787242,
            -1.97000351574484,
            0.98500175787242
        ]
    }
}