{
    "44100": {
        "a": [
            1.0,
            -1.96977855582618,
            0.97022847566350
        ],
        "b": [
            0.98500175787242,
            -1.97000351574484,
            0.98500175787242
        ]
    }
}