{
    "44100": {
        "a": [
            1.0,
            -3.47845948550071,
            6.36317777566148,
            -8.54751527471874,
            9.47693607801280,
            -8.81498681370155,
            6.85401540936998,
            -4.39470996079559,
            2.19611684890774,
            -0.75104302451432,
            0.13149317958808
        ],
        "b": [
            0.05418656406430,
            -0.02911007808948,
            -0.00848709379851,
            -0.00851165645469,
            -0.00834990904936,
            0.02245293253339,
            -0.02596338512915,
            0.01624864962975,
            -0.00240879051584,
            0.00674613682247,
            -0.00187763777362
        ]
    }
}